Player,Current_Team
MS Dhoni,Chennai Super Kings (CSK)
Moeen Ali,Chennai Super Kings (CSK)
Deepak Chahar,Chennai Super Kings (CSK)
Devon Conway,Chennai Super Kings (CSK)
Tushar Deshpande,Chennai Super Kings (CSK)
Shivam Dube,Chennai Super Kings (CSK)
Ruturaj Gaikwad,Chennai Super Kings (CSK)
Rajvardhan Hangargekar,Chennai Super Kings (CSK)
Ravindra Jadeja,Chennai Super Kings (CSK)
Ajay Mandal,Chennai Super Kings (CSK)
Mukesh Choudhary,Chennai Super Kings (CSK)
Matheesha Pathirana,Chennai Super Kings (CSK)
Ajinkya Rahane,Chennai Super Kings (CSK)
Shaik Rasheed,Chennai Super Kings (CSK)
Rachin Ravindra,Chennai Super Kings (CSK)
Daryl Mitchell,Chennai Super Kings (CSK)
Sameer Rizvi,Chennai Super Kings (CSK)
Mustafizur Rahman,Chennai Super Kings (CSK)
Simarjeet Singh,Chennai Super Kings (CSK)
Prashant Solanki,Chennai Super Kings (CSK)
Maheesh Theekshana,Chennai Super Kings (CSK)
Shardul Thakur,Chennai Super Kings (CSK)
Nishant Sindhu,Chennai Super Kings (CSK)
Avanish Rao Aravelly,Chennai Super Kings (CSK)
Hardik Pandya,Mumbai Indians (MI)
Rohit Sharma,Mumbai Indians (MI)
Dewald Brevis,Mumbai Indians (MI)
Suryakumar Yadav,Mumbai Indians (MI)
Ishan Kishan,Mumbai Indians (MI)
Tilak Varma,Mumbai Indians (MI)
Tim David,Mumbai Indians (MI)
Vishnu Vinod,Mumbai Indians (MI)
Nehal Wadhera,Mumbai Indians (MI)
Jasprit Bumrah,Mumbai Indians (MI)
Kumar Kartikeya,Mumbai Indians (MI)
Piyush Chawla,Mumbai Indians (MI)
Akash Madhwal,Mumbai Indians (MI)
Romario Shepherd,Mumbai Indians (MI)
Gerald Coetzee,Mumbai Indians (MI)
Nuwan Thushara,Mumbai Indians (MI)
Naman Dhir,Mumbai Indians (MI)
Anshul Kamboj,Mumbai Indians (MI)
Mohammad Nabi,Mumbai Indians (MI)
Shivalik Sharma,Mumbai Indians (MI)
Shreyas Gopal,Mumbai Indians (MI)
Kwena Maphaka,Mumbai Indians (MI)
Luke Wood,Mumbai Indians (MI)
Faf du Plessis,Royal Challengers Bengaluru (RCB)
Glenn Maxwell,Royal Challengers Bengaluru (RCB)
Virat Kohli,Royal Challengers Bengaluru (RCB)
Cameron Green,Royal Challengers Bengaluru (RCB)
Alzarri Joseph,Royal Challengers Bengaluru (RCB)
Dinesh Karthik,Royal Challengers Bengaluru (RCB)
Yash Dayal,Royal Challengers Bengaluru (RCB)
Anuj Rawat,Royal Challengers Bengaluru (RCB)
Karn Sharma,Royal Challengers Bengaluru (RCB)
Mahipal Lomror,Royal Challengers Bengaluru (RCB)
Mayank Dagar,Royal Challengers Bengaluru (RCB)
Mohammed Siraj,Royal Challengers Bengaluru (RCB)
Vyshak Vijaykumar,Royal Challengers Bengaluru (RCB)
Rajan Kumar,Royal Challengers Bengaluru (RCB)
Akash Deep,Royal Challengers Bengaluru (RCB)
Reece Topley,Royal Challengers Bengaluru (RCB)
Himanshu Sharma,Royal Challengers Bengaluru (RCB)
Manoj Bhandage,Royal Challengers Bengaluru (RCB)
Will Jacks,Royal Challengers Bengaluru (RCB)
Suyash Prabhudessai,Royal Challengers Bengaluru (RCB)
Saurav Chauhan,Royal Challengers Bengaluru (RCB)
Swapnil Singh,Royal Challengers Bengaluru (RCB)
Lockie Ferguson,Royal Challengers Bengaluru (RCB)
Shubham Rawal,Royal Challengers Bengaluru (RCB)
Shreyas Iyer,Kolkata Knight Riders (KKR)
Nitish Rana,Kolkata Knight Riders (KKR)
Rinku Singh,Kolkata Knight Riders (KKR)
Rahmanullah Gurbaz,Kolkata Knight Riders (KKR)
Phil Salt,Kolkata Knight Riders (KKR)
Suyash Sharma,Kolkata Knight Riders (KKR)
Anukul Roy,Kolkata Knight Riders (KKR)
Andre Russell,Kolkata Knight Riders (KKR)
Venkatesh Iyer,Kolkata Knight Riders (KKR)
Harshit Rana,Kolkata Knight Riders (KKR)
Vaibhav Arora,Kolkata Knight Riders (KKR)
Varun Chakaravarthy,Kolkata Knight Riders (KKR)
KS Bharat,Kolkata Knight Riders (KKR)
Chetan Sakariya,Kolkata Knight Riders (KKR)
Mitchell Starc,Kolkata Knight Riders (KKR)
Angkrish Raghuvanshi,Kolkata Knight Riders (KKR)
Ramandeep Singh,Kolkata Knight Riders (KKR)
Sherfane Rutherford,Kolkata Knight Riders (KKR)
Manish Pandey,Kolkata Knight Riders (KKR)
Dushmantha Chameera,Kolkata Knight Riders (KKR)
Allah Ghazanfar,Kolkata Knight Riders (KKR)
Sakib Hussain,Kolkata Knight Riders (KKR)
Pat Cummins,Sunrisers Hyderabad (SRH)
Travis Head,Sunrisers Hyderabad (SRH)
Heinrich Klaasen,Sunrisers Hyderabad (SRH)
Aiden Markram,Sunrisers Hyderabad (SRH)
Abdul Samad,Sunrisers Hyderabad (SRH)
Abhishek Sharma,Sunrisers Hyderabad (SRH)
Mayank Agarwal,Sunrisers Hyderabad (SRH)
Anmolpreet Singh,Sunrisers Hyderabad (SRH)
Rahul Tripathi,Sunrisers Hyderabad (SRH)
Glenn Phillips,Sunrisers Hyderabad (SRH)
Upendra Yadav,Sunrisers Hyderabad (SRH)
Washington Sundar,Sunrisers Hyderabad (SRH)
Marco Jansen,Sunrisers Hyderabad (SRH)
Nitish Kumar Reddy,Sunrisers Hyderabad (SRH)
Shahbaz Ahmed,Sunrisers Hyderabad (SRH)
Sanvir Singh,Sunrisers Hyderabad (SRH)
Bhuvneshwar Kumar,Sunrisers Hyderabad (SRH)
T Natarajan,Sunrisers Hyderabad (SRH)
Mayank Markande,Sunrisers Hyderabad (SRH)
Umran Malik,Sunrisers Hyderabad (SRH)
Jaydev Unadkat,Sunrisers Hyderabad (SRH)
Fazalhaq Farooqi,Sunrisers Hyderabad (SRH)
Akash Singh,Sunrisers Hyderabad (SRH)
Jhatavedh Subramanyan,Sunrisers Hyderabad (SRH)
Vijayakanth Viyaskanth,Sunrisers Hyderabad (SRH)
Rishabh Pant,Delhi Capitals (DC)
David Warner,Delhi Capitals (DC)
Prithvi Shaw,Delhi Capitals (DC)
Swastik Chikara,Delhi Capitals (DC)
Yash Dhull,Delhi Capitals (DC)
Abishek Porel,Delhi Capitals (DC)
Ricky Bhui,Delhi Capitals (DC)
Shai Hope,Delhi Capitals (DC)
Tristan Stubbs,Delhi Capitals (DC)
Axar Patel,Delhi Capitals (DC)
Lalit Yadav,Delhi Capitals (DC)
Mitchell Marsh,Delhi Capitals (DC)
Sumit Kumar,Delhi Capitals (DC)
Vicky Ostwal,Delhi Capitals (DC)
Anrich Nortje,Delhi Capitals (DC)
Ishant Sharma,Delhi Capitals (DC)
Jhye Richardson,Delhi Capitals (DC)
Khaleel Ahmed,Delhi Capitals (DC)
Kuldeep Yadav,Delhi Capitals (DC)
Mukesh Kumar,Delhi Capitals (DC)
Praveen Dubey,Delhi Capitals (DC)
Rasikh Dar Salam,Delhi Capitals (DC)
Jake Fraser-McGurk,Delhi Capitals (DC)
Lizaad Williams,Delhi Capitals (DC)
Kumar Kushagra,Delhi Capitals (DC)
Sanju Samson,Rajasthan Royals (RR)
Jos Buttler,Rajasthan Royals (RR)
Shimron Hetmyer,Rajasthan Royals (RR)
Yashasvi Jaiswal,Rajasthan Royals (RR)
Dhruv Jurel,Rajasthan Royals (RR)
Riyan Parag,Rajasthan Royals (RR)
Rovman Powell,Rajasthan Royals (RR)
Tom Kohler-Cadmore,Rajasthan Royals (RR)
Abid Mushtaq,Rajasthan Royals (RR)
Shubham Dubey,Rajasthan Royals (RR)
Donovan Ferreira,Rajasthan Royals (RR)
Kunal Singh Rathore,Rajasthan Royals (RR)
Ravichandran Ashwin,Rajasthan Royals (RR)
Kuldip Yadav,Rajasthan Royals (RR)
Navdeep Saini,Rajasthan Royals (RR)
Sandeep Sharma,Rajasthan Royals (RR)
Trent Boult,Rajasthan Royals (RR)
Yuzvendra Chahal,Rajasthan Royals (RR)
Avesh Khan,Rajasthan Royals (RR)
Nandre Burger,Rajasthan Royals (RR)
Tanush Kotian,Rajasthan Royals (RR)
Shikhar Dhawan,Punjab Kings (PBKS)
Jitesh Sharma,Punjab Kings (PBKS)
Jonny Bairstow,Punjab Kings (PBKS)
Prabhsimran Singh,Punjab Kings (PBKS)
Liam Livingstone,Punjab Kings (PBKS)
Atharva Taide,Punjab Kings (PBKS)
Rishi Dhawan,Punjab Kings (PBKS)
Sam Curran,Punjab Kings (PBKS)
Sikandar Raza,Punjab Kings (PBKS)
Shivam Singh,Punjab Kings (PBKS)
Harpreet Brar,Punjab Kings (PBKS)
Arshdeep Singh,Punjab Kings (PBKS)
Kagiso Rabada,Punjab Kings (PBKS)
Nathan Ellis,Punjab Kings (PBKS)
Rahul Chahar,Punjab Kings (PBKS)
Vidwath Kaverappa,Punjab Kings (PBKS)
Harshal Patel,Punjab Kings (PBKS)
Ashutosh Sharma,Punjab Kings (PBKS)
Shashank Singh,Punjab Kings (PBKS)
Vishwanath Singh,Punjab Kings (PBKS)
Tanay Thyagarajan,Punjab Kings (PBKS)
Prince Choudhary,Punjab Kings (PBKS)
Rilee Rossouw,Punjab Kings (PBKS)
Shubman Gill,Gujarat Titans (GT)
David Miller,Gujarat Titans (GT)
Kane Williamson,Gujarat Titans (GT)
Matthew Wade,Gujarat Titans (GT)
Wriddhiman Saha,Gujarat Titans (GT)
Sai Sudharsan,Gujarat Titans (GT)
Azmatullah Omarzai,Gujarat Titans (GT)
Shahrukh Khan,Gujarat Titans (GT)
Rashid Khan,Gujarat Titans (GT)
Rahul Tewatia,Gujarat Titans (GT)
Spencer Johnson,Gujarat Titans (GT)
Mohit Sharma,Gujarat Titans (GT)
Joshua Little,Gujarat Titans (GT)
Darshan Nalkande,Gujarat Titans (GT)
Noor Ahmad,Gujarat Titans (GT)
Sai Kishore,Gujarat Titans (GT)
Umesh Yadav,Gujarat Titans (GT)
Jayant Yadav,Gujarat Titans (GT)
Vijay Shankar,Gujarat Titans (GT)
Kartik Tyagi,Gujarat Titans (GT)
Abhinav Manohar,Gujarat Titans (GT)
Sushant Mishra,Gujarat Titans (GT)
Sandeep Warrier,Gujarat Titans (GT)
BR Sharath,Gujarat Titans (GT)
KL Rahul,Lucknow Super Giants (LSG)
Quinton de Kock,Lucknow Super Giants (LSG)
Nicholas Pooran,Lucknow Super Giants (LSG)
Ayush Badoni,Lucknow Super Giants (LSG)
Kyle Mayers,Lucknow Super Giants (LSG)
Marcus Stoinis,Lucknow Super Giants (LSG)
Deepak Hooda,Lucknow Super Giants (LSG)
Devdutt Padikkal,Lucknow Super Giants (LSG)
K Gowtham,Lucknow Super Giants (LSG)
Krunal Pandya,Lucknow Super Giants (LSG)
Prerak Mankad,Lucknow Super Giants (LSG)
Yudhvir Singh Charak,Lucknow Super Giants (LSG)
Mayank Yadav,Lucknow Super Giants (LSG)
Mohsin Khan,Lucknow Super Giants (LSG)
Ravi Bishnoi,Lucknow Super Giants (LSG)
Yash Thakur,Lucknow Super Giants (LSG)
Naveen-ul-Haq,Lucknow Super Giants (LSG)
Manimaran Siddharth,Lucknow Super Giants (LSG)
Arshin Kulkarni,Lucknow Super Giants (LSG)
Ashton Turner,Lucknow Super Giants (LSG)
Shamar Joseph,Lucknow Super Giants (LSG)
Matt Henry,Lucknow Super Giants (LSG)
Arshad Khan,Lucknow Super Giants (LSG)
