Player,Role,Specific_Role,Nationality,Bowling_Style,Auction_Price,Power_Index,Batting_SR,Batting_Avg,Bw_WPM,Bowling_Econ,Matches_Played,Age
R Shepherd,All-Rounder,All-Rounder,overseas,Pace,15.0,88.37,175.16,24.36,0.55,11.71,31.0,26.0
V Suryavanshi,Batter,Middle Order,indian,Spin,12.5,100.0,223.86,39.76,0.0,0.0,21.0,24.0
Urvil Patel,Batter,Middle Order,indian,Spin,12.3,100.0,205.21,19.7,0.0,0.0,10.0,30.0
J Fraser-McGurk,Batter,Top Order,overseas,Pace,11.9,100.0,199.48,25.67,0.0,0.0,15.0,22.0
A Mhatre,Batter,Top Order,indian,Pace,11.8,100.0,183.75,33.92,0.0,0.0,13.0,23.0
N Pooran,Batter,Middle Order,overseas,Spin,11.7,100.0,163.77,30.45,0.0,0.0,104.0,28.0
SA Yadav,Batter,Middle Order,indian,Spin,11.6,100.0,148.54,33.44,0.0,8.0,179.0,33.0
H Klaasen,Batter,Middle Order,overseas,Spin,11.4,100.0,166.61,42.57,0.0,0.0,63.0,32.0
Priyansh Arya,Batter,Top Order,indian,Pace,11.3,100.0,192.99,29.32,0.0,0.0,31.0,25.0
T Stubbs,Batter,Middle Order,overseas,Spin,11.3,100.0,151.93,39.44,0.09,11.5,47.0,23.0
JG Bethell,Batter,All-Rounder,overseas,Spin,11.2,91.56,140.52,18.11,0.0,0.0,9.0,22.0
TM Head,Batter,Top Order,overseas,Spin,11.2,100.0,169.68,32.74,0.06,11.25,52.0,30.0
PD Salt,Batter,Top Order,overseas,Pace,11.2,100.0,174.48,34.0,0.0,0.0,40.0,27.0
Naman Dhir,Batter,All-Rounder,indian,Spin,11.1,100.0,163.97,27.31,0.0,8.77,37.0,25.0
Abhishek Sharma,All-Rounder,Top Order,indian,Spin,11.1,79.93,171.52,29.74,0.12,9.04,91.0,23.0
Shashank Singh,Batter,Middle Order,indian,Pace,11.1,100.0,161.61,36.2,0.09,9.33,54.0,26.0
V Nigam,All-Rounder,All-Rounder,indian,Pace,11.1,90.05,176.4,19.62,0.68,9.77,19.0,23.0
SS Iyer,Batter,Middle Order,indian,Spin,10.9,96.29,136.77,35.57,0.0,7.0,147.0,29.0
Vivrant Sharma,Batter,All-Rounder,indian,Spin,10.9,100.0,146.81,69.0,0.0,12.33,3.0,37.0
Shubman Gill,Batter,Top Order,indian,Spin,10.8,100.0,141.48,40.38,0.0,0.0,131.0,24.0
Ramandeep Singh,Batter,All-Rounder,indian,Pace,10.8,94.99,145.85,18.69,0.18,10.07,38.0,26.0
M Shahrukh Khan,Batter,Middle Order,indian,Spin,10.7,96.9,147.9,20.39,0.02,9.33,64.0,28.0
YBK Jaiswal,Batter,Top Order,indian,Spin,10.6,100.0,153.84,33.72,0.0,6.0,80.0,22.0
KK Nair,Batter,Middle Order,indian,Spin,10.6,88.15,131.29,23.45,0.0,0.0,86.0,23.0
V Kohli,Batter,Top Order,indian,Pace,10.5,96.72,134.46,40.12,0.01,8.8,280.0,35.0
JM Bairstow,Batter,Top Order,overseas,Pace,10.5,100.0,146.07,34.88,0.0,0.0,52.0,28.0
B Sai Sudharsan,Batter,Top Order,indian,Spin,10.4,100.0,148.87,49.61,0.0,0.0,54.0,25.0
C Bosch,Batter,All-Rounder,overseas,Pace,10.4,100.0,153.97,32.33,1.44,9.2,9.0,24.0
TH David,Batter,Middle Order,overseas,Spin,10.4,100.0,178.82,34.03,0.0,18.0,64.0,28.0
JP Inglis,Batter,Middle Order,overseas,Pace,10.4,100.0,173.25,38.86,0.0,0.0,17.0,26.0
D Brevis,Batter,Middle Order,overseas,Spin,10.4,97.71,146.02,25.25,0.04,8.0,27.0,23.0
Aniket Verma,Batter,Middle Order,indian,Pace,10.4,100.0,160.71,21.0,0.0,0.0,24.0,26.0
C Green,All-Rounder,All-Rounder,overseas,Pace,10.3,82.47,151.1,38.11,0.53,9.44,43.0,24.0
Ashutosh Sharma,Batter,Middle Order,indian,Pace,10.3,100.0,168.86,29.68,0.0,0.0,32.0,37.0
SB Dubey,Batter,Middle Order,indian,Pace,10.3,100.0,153.85,22.0,0.0,0.0,20.0,25.0
MS Dhoni,Batter,middle order,indian,none,12.0,97.79,137.45,38.3,0.0,0.0,277.0,42.0
F du Plessis,Batter,Top Order,overseas,Spin,10.2,95.51,135.79,35.1,0.0,16.0,154.0,39.0
RR Rossouw,Batter,Top Order,overseas,Spin,10.2,100.0,153.57,23.65,0.0,0.0,22.0,24.0
SP Narine,All-Rounder,All-Rounder,indian,Spin,10.2,92.17,165.3,17.5,1.04,6.79,201.0,36.0
P Simran Singh,Batter,Top Order,indian,Pace,10.2,100.0,156.85,29.6,0.0,0.0,66.0,26.0
MR Marsh,All-Rounder,All-Rounder,overseas,Pace,10.1,79.48,148.52,30.92,0.54,8.52,68.0,24.0
RM Patidar,Batter,Middle Order,indian,Pace,10.1,100.0,161.03,32.0,0.0,0.0,55.0,30.0
KD Karthik,Batter,Middle Order,indian,Pace,10.1,91.7,135.28,26.32,0.0,0.0,257.0,38.0
RD Gaikwad,Batter,Top Order,indian,Spin,10.0,96.73,135.64,38.36,0.0,0.0,85.0,27.0
JC Buttler,Batter,Top Order,overseas,Spin,10.0,100.0,149.9,39.57,0.0,0.0,135.0,33.0
Dhruv Jurel,Batter,Top Order,indian,Pace,10.0,100.0,152.14,31.61,0.0,0.0,55.0,23.0
SV Samson,Batter,Middle Order,indian,Spin,10.0,97.31,141.13,31.59,0.0,0.0,190.0,29.0
Rashid Khan,All-Rounder,All-Rounder,overseas,Spin,10.0,90.77,157.36,14.09,1.18,7.22,150.0,25.0
Tilak Varma,Batter,Top Order,indian,Pace,10.0,100.0,144.7,35.73,0.0,7.64,68.0,24.0
JJ Roy,Batter,Top Order,overseas,Pace,9.9,96.09,138.6,32.32,0.0,0.0,21.0,23.0
Abdul Samad,Batter,Middle Order,indian,Pace,9.9,96.81,148.62,19.09,0.03,13.16,71.0,22.0
RK Singh,Batter,Middle Order,indian,Spin,9.9,100.0,146.23,34.1,0.0,0.0,72.0,26.0
WG Jacks,All-Rounder,All-Rounder,overseas,Pace,9.9,78.94,158.84,27.36,0.36,9.86,28.0,25.0
VR Iyer,Batter,Top Order,indian,Pace,9.8,97.0,140.41,31.88,0.05,10.59,66.0,24.0
R Parag,All-Rounder,All-Rounder,indian,Pace,9.8,66.86,143.46,25.58,0.09,9.69,95.0,22.0
S Dube,Batter,Top Order,indian,Pace,9.8,99.78,145.42,31.31,0.07,10.79,92.0,30.0
MP Stoinis,All-Rounder,All-Rounder,indian,Pace,9.8,75.02,147.5,28.74,0.37,9.93,123.0,34.0
RD Rickelton,Batter,Middle Order,overseas,Pace,9.8,100.0,168.21,34.83,0.0,0.0,26.0,28.0
JM Sharma,Batter,Middle Order,indian,Pace,9.8,100.0,152.9,22.52,0.0,0.0,69.0,37.0
AD Russell,All-Rounder,All-Rounder,overseas,Pace,9.8,95.62,174.1,27.95,0.88,9.51,139.0,36.0
PJ Cummins,All-Rounder,Bowler,overseas,Pace,9.7,89.2,152.98,20.03,1.1,8.79,79.0,31.0
SE Rutherford,Batter,Middle Order,overseas,Pace,9.7,95.62,142.86,24.76,0.03,8.63,31.0,28.0
DP Conway,Batter,Top Order,overseas,Pace,9.7,100.0,139.72,43.2,0.0,0.0,29.0,32.0
GJ Maxwell,All-Rounder,All-Rounder,overseas,Spin,9.7,75.02,155.12,23.9,0.29,8.3,141.0,35.0
SD Hope,Batter,Middle Order,overseas,Pace,9.7,99.15,150.0,22.88,0.0,0.0,9.0,28.0
RR Pant,Batter,Top Order,indian,Pace,9.7,100.0,146.71,33.73,0.0,0.0,139.0,26.0
SO Hetmyer,Batter,Middle Order,overseas,Pace,9.6,100.0,149.29,27.47,0.0,0.0,94.0,22.0
AM Rahane,Batter,Top Order,indian,Spin,9.6,87.42,125.6,30.15,0.0,5.0,212.0,35.0
Abishek Porel,Batter,Middle Order,indian,Pace,9.6,97.47,145.37,25.63,0.0,0.0,36.0,25.0
Ishan Kishan,Batter,top order,indian,none,15.25,97.91,142.85,30.49,0.0,4.0,133.0,26.0
A Raghuvanshi,Batter,Middle Order,indian,Pace,9.5,100.0,145.56,34.04,0.0,0.0,35.0,26.0
KL Rahul,Batter,Top Order,indian,Spin,9.5,100.0,139.16,45.53,0.0,0.0,160.0,32.0
MK Lomror,Batter,Middle Order,indian,Pace,9.4,92.04,141.29,18.17,0.03,8.47,40.0,22.0
RA Jadeja,All-Rounder,All-Rounder,indian,Spin,9.4,74.26,130.66,28.67,0.67,7.69,265.0,35.0
DJ Mitchell,Batter,Middle Order,overseas,Pace,9.4,89.68,131.46,27.0,0.07,12.12,15.0,26.0
LS Livingstone,All-Rounder,All-Rounder,overseas,Pace,9.4,74.68,155.17,25.38,0.25,9.02,51.0,24.0
DA Miller,Batter,Top Order,overseas,Pace,9.4,97.8,139.44,35.35,0.0,0.0,152.0,27.0
R Tewatia,Batter,Middle Order,indian,Pace,9.4,91.07,136.57,22.83,0.26,7.91,121.0,23.0
Atharva Taide,Batter,Middle Order,indian,Pace,9.4,98.53,146.89,26.0,0.0,4.0,10.0,27.0
V Shankar,Batter,Top Order,indian,Pace,9.3,88.37,129.79,26.23,0.12,8.67,78.0,24.0
R Ravindra,Batter,Middle Order,overseas,Pace,9.3,96.06,143.9,24.29,0.0,3.5,18.0,26.0
N Wadhera,Batter,Middle Order,indian,Pace,9.3,93.5,140.0,23.76,0.0,7.76,45.0,25.0
KR Mayers,Batter,Middle Order,overseas,Pace,9.3,98.13,144.11,29.15,0.0,8.43,13.0,25.0
K Gowtham,All-Rounder,All-Rounder,indian,Pace,9.3,82.47,166.89,13.72,0.58,8.24,36.0,23.0
RG Sharma,Batter,Top Order,indian,Spin,9.3,91.65,132.88,29.8,0.05,8.02,281.0,37.0
N Rana,All-Rounder,All-Rounder,indian,Pace,9.3,64.93,137.72,27.48,0.08,9.03,127.0,23.0
AR Patel,All-Rounder,All-Rounder,indian,Spin,9.3,75.76,133.74,21.54,0.79,7.43,177.0,30.0
HH Pandya,All-Rounder,All-Rounder,indian,Pace,9.2,77.06,146.37,27.7,0.51,9.36,162.0,30.0
PP Shaw,Batter,Middle Order,indian,Pace,9.2,98.06,147.47,23.95,0.0,0.0,79.0,26.0
S Dhawan,Batter,Top Order,indian,Spin,9.2,90.28,127.09,35.07,0.02,8.25,222.0,38.0
A Badoni,Batter,Top Order,indian,Pace,9.2,94.79,140.91,25.61,0.06,9.22,66.0,25.0
SN Thakur,All-Rounder,All-Rounder,indian,Pace,9.1,77.37,132.7,11.63,1.04,9.57,114.0,24.0
Sameer Rizvi,Batter,middle order,indian,none,8.4,98.94,144.71,30.29,0.0,0.0,25.0,20.0
DA Warner,Batter,Top Order,overseas,Pace,8.9,99.81,139.66,40.04,0.0,2.0,184.0,37.0
AT Rayudu,Batter,Middle Order,indian,Pace,8.9,87.74,127.54,28.05,0.0,0.0,204.0,25.0
AK Markram,All-Rounder,All-Rounder,overseas,Pace,8.8,64.92,135.41,29.84,0.09,9.61,69.0,28.0
PN Mankad,Batter,Top Order,indian,Pace,8.8,92.66,132.88,32.33,0.0,0.0,6.0,22.0
Q de Kock,Batter,Middle Order,overseas,Pace,8.8,93.35,134.9,31.03,0.0,0.0,118.0,31.0
Arshad Khan,All-Rounder,All-Rounder,indian,Pace,8.7,78.3,142.7,25.4,0.68,11.24,25.0,27.0
Anuj Rawat,Batter,middle order,indian,none,3.4,79.41,119.1,19.88,0.0,0.0,24.0,24.0
RV Patel,Batter,Top Order,indian,Pace,8.7,72.15,109.59,16.0,0.0,7.33,9.0,30.0
PHKD Mendis,Batter,Middle Order,overseas,Pace,8.6,89.2,133.33,23.0,0.4,8.57,5.0,26.0
Washington Sundar,All-Rounder,All-Rounder,indian,Spin,8.6,70.04,135.22,19.85,0.5,7.73,80.0,22.0
Nithish Kumar Reddy,All-Rounder,All-Rounder,indian,Pace,8.6,71.95,143.76,28.81,0.29,10.83,41.0,21.0
Rahmanullah Gurbaz,Batter,top order,overseas,none,0.5,89.5,134.94,21.35,0.0,0.0,18.0,22.0
MA Agarwal,Batter,Middle Order,indian,Pace,8.5,89.49,133.79,23.03,0.0,0.0,130.0,28.0
Sikandar Raza,All-Rounder,All-Rounder,overseas,Pace,8.5,67.93,133.82,26.0,0.33,10.07,9.0,26.0
SM Curran,All-Rounder,All-Rounder,overseas,Pace,8.5,80.44,136.39,24.93,0.92,9.74,64.0,25.0
R Powell,Batter,Middle Order,overseas,Pace,8.4,94.27,142.31,22.2,0.03,11.67,39.0,26.0
RA Tripathi,Batter,Middle Order,indian,Pace,8.4,93.12,137.85,26.03,0.0,12.0,100.0,23.0
D Padikkal,Batter,Middle Order,indian,Pace,8.4,90.66,133.12,26.98,0.0,0.0,88.0,28.0
MG Bracewell,All-Rounder,All-Rounder,overseas,Pace,8.3,82.06,123.4,29.0,1.2,8.64,5.0,28.0
MK Pandey,Batter,Middle Order,indian,Spin,8.2,84.92,121.96,29.35,0.0,0.0,180.0,25.0
WP Saha,Batter,Top Order,indian,Spin,8.2,86.24,127.57,24.25,0.0,0.0,169.0,39.0
Azmatullah Omarzai,All-Rounder,All-Rounder,overseas,Pace,8.2,79.33,149.5,15.1,0.75,9.63,20.0,27.0
Anmolpreet Singh,Batter,Middle Order,indian,Pace,8.2,78.7,120.87,15.44,0.0,0.0,9.0,26.0
Harpreet Singh,Batter,Top Order,indian,Pace,8.1,69.04,103.36,17.57,0.0,0.0,9.0,26.0
HC Brook,Batter,Middle Order,overseas,Pace,8.1,82.47,123.38,21.11,0.0,0.0,11.0,26.0
Harpreet Brar,All-Rounder,All-Rounder,indian,Pace,8.1,69.17,120.87,20.75,0.73,8.0,51.0,22.0
MM Ali,All-Rounder,All-Rounder,overseas,Pace,8.1,73.71,139.76,22.02,0.56,7.23,73.0,36.0
MW Short,Batter,Middle Order,overseas,Pace,8.0,82.14,123.78,19.67,0.0,8.93,9.0,27.0
KH Pandya,All-Rounder,All-Rounder,indian,Pace,7.9,73.66,133.56,22.8,0.67,7.62,156.0,30.0
JC Archer,All-Rounder,All-Rounder,overseas,Pace,7.9,86.64,145.83,13.7,1.21,8.07,66.0,23.0
SS Prabhudessai,Batter,Middle Order,indian,Pace,7.9,76.36,118.87,12.6,0.0,0.0,11.0,25.0
Shahbaz Ahmed,All-Rounder,All-Rounder,indian,Pace,7.9,64.16,123.31,20.79,0.43,9.79,63.0,23.0
PBB Rajapaksa,Batter,Middle Order,overseas,Pace,7.8,95.54,145.03,21.31,0.0,0.0,13.0,23.0
Vishnu Vinod,Batter,top order,indian,none,0.2,70.27,109.23,11.83,0.0,0.0,7.0,30.0
R Ashwin,All-Rounder,Bowler,indian,Spin,7.6,68.17,118.16,13.02,0.85,7.2,219.0,37.0
A Manohar,Batter,Middle Order,indian,Pace,7.5,80.7,124.26,15.37,0.0,0.0,27.0,23.0
M Jansen,All-Rounder,All-Rounder,overseas,Pace,7.2,66.38,110.34,12.8,0.92,9.63,49.0,23.0
N Jagadeesan,Batter,Middle Order,indian,Pace,7.2,73.32,110.2,18.0,0.0,0.0,13.0,25.0
SK Rasheed,Batter,Middle Order,indian,Pace,7.2,73.3,112.7,14.2,0.0,0.0,5.0,24.0
DJ Hooda,Batter,Middle Order,indian,Pace,7.2,83.62,127.62,17.61,0.08,8.64,125.0,24.0
Harshit Rana,All-Rounder,All-Rounder,indian,Pace,7.1,69.29,105.36,9.83,1.21,9.51,33.0,22.0
Aman Hakim Khan,Batter,Middle Order,indian,Pace,7.1,71.46,110.58,12.78,0.0,13.0,12.0,28.0
MJ Santner,All-Rounder,All-Rounder,overseas,Pace,6.7,66.53,110.57,17.0,0.86,7.51,35.0,23.0
Lalit Yadav,All-Rounder,All-Rounder,indian,Pace,6.7,55.19,105.17,19.06,0.37,8.85,27.0,33.0
Kuldeep Yadav,All-Rounder,Bowler,indian,Spin,6.6,56.9,83.0,11.67,1.01,8.29,111.0,29.0
T Kohler-Cadmore,Batter,Middle Order,overseas,Pace,6.4,59.73,88.89,16.0,0.0,0.0,3.0,24.0
PWH de Silva,All-Rounder,All-Rounder,overseas,Pace,6.3,63.24,92.05,5.4,1.24,8.41,37.0,27.0
SN Khan,Batter,Middle Order,indian,Pace,6.1,91.47,137.38,22.61,0.0,6.0,58.0,22.0
Tanush Kotian,Batter,Middle Order,indian,Pace,5.9,56.05,77.42,24.0,0.0,0.0,1.0,24.0
HV Patel,All-Rounder,All-Rounder,indian,Pace,5.4,74.28,117.65,8.75,1.23,8.92,123.0,30.0
B Kumar,All-Rounder,Bowler,indian,Pace,5.4,62.16,93.9,9.32,1.09,7.72,204.0,34.0
Ravi Bishnoi,All-Rounder,Bowler,indian,Spin,5.2,46.61,65.22,3.75,0.97,8.36,86.0,23.0
MA Wood,Bowler,Bowler,overseas,Pace,2.7,79.41,150.0,6.0,2.2,8.95,5.0,26.0
JJ Bumrah,Bowler,Bowler,indian,Pace,1.8,52.35,87.21,9.38,1.2,7.34,158.0,30.0
E Malinga,Bowler,Bowler,overseas,Pace,1.8,58.7,22.22,2.0,1.52,9.16,21.0,40.0
M Prasidh Krishna,Bowler,Bowler,indian,Pace,1.7,49.15,37.5,3.0,1.19,8.92,75.0,22.0
M Pathirana,Bowler,Bowler,overseas,Pace,1.6,56.46,0.0,0.0,1.42,8.66,33.0,21.0
JR Hazlewood,Bowler,Bowler,overseas,Pace,1.6,55.37,63.33,19.0,1.38,8.59,50.0,26.0
CV Varun,Bowler,Bowler,indian,Pace,1.5,50.94,58.49,5.17,1.18,7.72,94.0,28.0
MP Yadav,Bowler,Bowler,indian,Pace,1.5,38.82,100.0,5.0,0.9,10.15,10.0,21.0
Harsh Dubey,Bowler,Bowler,indian,Pace,1.5,47.18,144.44,6.5,1.18,10.19,11.0,25.0
N Burger,Bowler,Bowler,overseas,Pace,1.4,45.86,162.5,13.0,1.12,9.79,16.0,24.0
Naveen-ul-Haq,Bowler,Bowler,overseas,Pace,1.4,54.8,72.0,18.0,1.39,9.16,18.0,27.0
W O'Rourke,Bowler,Bowler,overseas,Pace,1.4,69.4,0.0,0.0,2.0,12.77,3.0,22.0
Noor Ahmad,Bowler,Bowler,overseas,Spin,1.4,50.69,53.45,2.82,1.2,8.17,51.0,24.0
Mustafizur Rahman,Bowler,bowler,overseas,left-arm fast-medium,2.0,47.16,54.17,6.5,1.08,8.13,60.0,29.0
PP Chawla,Bowler,Bowler,indian,Pace,1.3,45.08,110.83,11.14,1.0,7.96,192.0,27.0
Akash Madhwal,Bowler,bowler,indian,right-arm medium-fast,0.2,52.43,57.14,8.0,1.35,10.06,17.0,30.0
Ashwani Kumar,Bowler,Bowler,indian,Pace,1.3,61.96,16.67,1.0,1.7,10.95,10.0,34.0
TA Boult,Bowler,Bowler,overseas,Pace,1.3,49.2,109.41,9.3,1.17,8.51,124.0,34.0
Mohammed Shami,Bowler,Bowler,indian,Pace,1.3,46.86,103.6,6.05,1.1,8.66,132.0,33.0
Mohammed Siraj,Bowler,bowler,indian,right-arm fast,7.0,44.66,88.89,10.18,1.03,8.72,122.0,30.0
YS Chahal,Bowler,Bowler,indian,Spin,1.3,51.81,43.02,5.29,1.23,8.05,189.0,33.0
Arshdeep Singh,Bowler,Bowler,indian,Pace,1.3,47.26,68.09,5.33,1.14,9.19,97.0,25.0
NT Ellis,Bowler,Bowler,overseas,Pace,1.3,47.44,76.0,4.75,1.12,8.67,17.0,23.0
RP Meredith,Bowler,Bowler,overseas,Pace,1.2,44.48,0.0,0.0,1.06,9.46,18.0,23.0
R Sai Kishore,Bowler,Bowler,indian,Pace,1.2,49.95,112.5,4.5,1.22,8.99,27.0,22.0
VG Arora,Bowler,Bowler,indian,Pace,1.2,45.02,37.04,2.5,1.09,9.74,43.0,27.0
WD Parnell,Bowler,Bowler,overseas,Pace,1.2,47.22,81.25,6.5,1.06,7.78,33.0,28.0
TU Deshpande,Bowler,Bowler,indian,Pace,1.2,43.69,150.0,13.5,1.06,10.09,52.0,26.0
N Thushara,Bowler,Bowler,overseas,Pace,1.2,46.33,0.0,0.0,1.12,9.43,8.0,28.0
MM Sharma,Bowler,Bowler,indian,Pace,1.2,47.28,91.91,6.94,1.12,8.77,120.0,37.0
DS Rathi,Bowler,Bowler,indian,Pace,1.2,38.12,37.5,3.0,0.83,9.08,23.0,27.0
MA Starc,Bowler,Bowler,overseas,Pace,1.2,52.89,91.74,9.25,1.31,8.83,58.0,34.0
KR Sen,Bowler,Bowler,indian,Pace,1.2,47.56,0.0,0.0,1.17,9.63,12.0,23.0
JP Behrendorff,Bowler,Bowler,overseas,Pace,1.2,46.86,66.67,6.0,1.12,9.05,17.0,23.0
A Zampa,Bowler,Bowler,overseas,Pace,1.2,56.62,62.5,3.0,1.41,8.38,22.0,27.0
KA Jamieson,Bowler,Bowler,overseas,Pace,1.2,43.96,105.48,15.4,1.07,10.12,15.0,28.0
V Puthur,Bowler,Bowler,indian,Pace,1.1,49.22,0.0,0.0,1.2,9.08,5.0,28.0
M Markande,Bowler,Bowler,indian,Pace,1.1,41.0,114.29,16.0,0.93,9.16,40.0,23.0
KK Ahmed,Bowler,Bowler,indian,Pace,1.1,49.39,22.22,0.4,1.2,8.96,76.0,24.0
A Mishra,Bowler,Bowler,indian,Pace,1.1,48.36,90.93,11.91,1.07,7.38,162.0,23.0
T Natarajan,Bowler,Bowler,indian,Pace,1.1,42.76,57.14,4.0,0.99,9.19,74.0,33.0
Yash Thakur,Bowler,Bowler,indian,Pace,1.1,48.22,0.0,0.0,1.23,10.6,22.0,28.0
Sandeep Sharma,Bowler,Bowler,indian,Pace,1.1,46.49,80.0,10.0,1.06,8.17,142.0,37.0
DJ Willey,Bowler,Bowler,overseas,Pace,1.1,32.37,85.48,26.5,0.55,7.56,11.0,23.0
I Sharma,Bowler,Bowler,indian,Pace,1.0,38.92,82.61,9.5,0.82,8.38,117.0,37.0
Mukesh Kumar,Bowler,Bowler,indian,Pace,1.0,41.33,55.56,10.0,1.0,10.59,42.0,34.0
J Little,Bowler,Bowler,overseas,Pace,1.0,43.45,0.0,0.0,1.0,8.92,11.0,23.0
S Sandeep Warrier,Bowler,Bowler,indian,Pace,1.0,37.27,0.0,0.0,0.8,9.04,10.0,23.0
Avesh Khan,Bowler,Bowler,indian,Pace,1.0,46.83,158.14,17.0,1.13,9.28,82.0,27.0
LH Ferguson,Bowler,Bowler,overseas,Pace,1.0,44.26,153.19,24.0,1.04,9.19,52.0,22.0
KV Sharma,Bowler,Bowler,indian,Pace,1.0,41.92,119.32,13.54,0.92,8.38,90.0,37.0
G Coetzee,Bowler,Bowler,overseas,Pace,1.0,43.67,93.94,5.17,1.07,10.37,14.0,24.0
DL Chahar,Bowler,Bowler,indian,Spin,1.0,42.36,137.86,14.2,0.93,8.3,103.0,28.0
Vijaykumar Vyshak,Bowler,bowler,indian,right-arm medium,0.2,41.46,100.0,8.0,1.0,10.47,26.0,27.0
A Kamboj,Bowler,Bowler,indian,Pace,1.0,49.24,142.31,24.67,1.24,9.97,25.0,27.0
M Theekshana,Bowler,Bowler,overseas,Pace,0.9,43.01,50.0,5.67,0.95,8.27,38.0,26.0
JD Unadkat,Bowler,Bowler,indian,Pace,0.9,42.82,118.93,12.56,0.98,8.94,116.0,27.0
Akash Singh,Bowler,Bowler,indian,Pace,0.9,44.57,0.0,0.0,1.08,9.86,12.0,26.0
K Rabada,Bowler,Bowler,overseas,Pace,0.9,58.51,108.23,13.16,1.49,8.69,98.0,29.0
Yash Dayal,Bowler,bowler,indian,left-arm fast-medium,5.0,41.03,44.44,1.33,0.95,9.58,43.0,26.0
RD Chahar,Bowler,Bowler,indian,Spin,0.9,43.62,104.03,8.06,0.94,7.78,80.0,25.0
C Sakariya,Bowler,Bowler,indian,Pace,0.9,43.92,64.52,3.33,1.0,8.62,20.0,28.0
A Nortje,Bowler,Bowler,overseas,Pace,0.9,50.4,98.0,7.0,1.24,9.09,49.0,30.0
Mohsin Khan,Bowler,Bowler,indian,Pace,0.8,51.17,89.29,5.0,1.23,8.41,31.0,24.0
Rasikh Salam,Bowler,Bowler,indian,Pace,0.8,42.9,102.38,8.6,1.04,10.26,23.0,27.0
KM Asif,Bowler,Bowler,indian,Pace,0.8,41.52,0.0,0.0,1.0,10.42,7.0,27.0
Arjun Tendulkar,All-Rounder,all-rounder,indian,left-arm fast-medium,0.3,70.23,128.57,18.0,0.67,9.28,6.0,24.0
M Siddharth,Bowler,Bowler,indian,Pace,0.8,43.14,0.0,0.0,1.0,9.13,9.0,26.0
AS Joseph,Bowler,Bowler,overseas,Pace,0.8,41.07,84.38,27.0,0.95,9.55,22.0,25.0
Suyash Sharma,Bowler,Bowler,indian,Pace,0.8,34.2,0.0,0.0,0.69,8.89,39.0,37.0
Yudhvir Singh,Bowler,Bowler,indian,Pace,0.7,37.61,137.5,5.5,0.89,11.0,9.0,26.0
Swapnil Singh,All-Rounder,all-rounder,indian,left-arm orthodox,0.2,58.39,113.33,10.2,0.5,8.93,14.0,33.0
RJ Gleeson,Bowler,Bowler,overseas,Pace,0.7,32.46,100.0,2.0,0.67,9.71,3.0,28.0
AS Roy,Bowler,Bowler,indian,Pace,0.7,31.48,121.88,9.75,0.6,8.9,25.0,24.0
K Kartikeya,Bowler,Bowler,indian,Pace,0.7,36.36,70.59,3.0,0.75,8.66,16.0,24.0
Simarjeet Singh,Bowler,bowler,indian,right-arm medium-fast,0.2,35.7,66.67,3.33,0.79,10.0,14.0,26.0
RJW Topley,Bowler,Bowler,overseas,Pace,0.6,35.71,50.0,3.0,0.83,11.1,6.0,23.0
Zeeshan Ansari,Bowler,Bowler,indian,Pace,0.6,30.2,0.0,0.0,0.6,9.84,10.0,22.0
UT Yadav,Bowler,Bowler,indian,Pace,0.5,43.2,103.48,9.9,0.97,8.51,148.0,33.0
Prince Yadav,Bowler,Bowler,indian,Pace,0.5,41.59,45.45,5.0,0.95,9.17,20.0,33.0
SH Johnson,Bowler,Bowler,overseas,Pace,0.5,29.02,66.67,8.0,0.58,10.33,12.0,22.0
JO Holder,Bowler,Bowler,overseas,Pace,0.5,50.55,124.31,13.21,1.22,8.6,54.0,27.0
XC Bartlett,Bowler,Bowler,overseas,Pace,0.5,26.98,142.86,20.0,0.54,11.13,13.0,23.0
V Viyaskanth,Bowler,Bowler,overseas,Pace,0.4,23.85,140.0,7.0,0.33,8.6,3.0,23.0
Umran Malik,Bowler,Bowler,indian,Pace,0.4,46.37,143.75,11.5,1.12,9.4,26.0,23.0
CJ Jordan,Bowler,Bowler,overseas,Pace,0.4,38.87,105.19,8.1,0.88,9.62,34.0,24.0
HR Shokeen,Bowler,Bowler,indian,Pace,0.4,24.39,101.54,22.0,0.38,9.24,13.0,23.0
Mohammad Nabi,All-Rounder,all-rounder,overseas,right-arm offbreak,0.5,74.46,145.39,13.0,0.62,7.44,24.0,39.0
Akash Deep,Bowler,bowler,indian,right-arm fast-medium,0.2,31.44,178.57,8.33,0.71,11.83,14.0,27.0
Mayank Dagar,All-Rounder,all-rounder,indian,left-arm orthodox,1.8,10.0,0.0,0.0,0.25,8.89,8.0,27.0
PVD Chameera,Bowler,Bowler,overseas,Pace,0.4,30.82,117.78,13.25,0.62,9.82,21.0,26.0
MJ Henry,Bowler,Bowler,overseas,Pace,0.4,23.62,70.0,3.5,0.44,11.52,9.0,23.0
Fazalhaq Farooqi,Bowler,Bowler,overseas,Pace,0.3,26.63,33.33,5.0,0.5,10.32,12.0,28.0
R Dhawan,Bowler,Bowler,indian,Pace,0.2,34.05,112.3,19.09,0.64,8.08,39.0,38.0
KT Maphaka,Bowler,Bowler,indian,Pace,0.2,24.23,400.0,8.0,0.5,13.0,4.0,22.0
Kartik Tyagi,Bowler,Bowler,indian,Pace,0.2,41.12,92.31,3.43,0.97,9.98,34.0,23.0
Rajat Patidar,Batter,top order,indian,none,0.2,100.0,161.03,32.0,0.0,0.0,55.0,30.0
Hardik Pandya,All-Rounder,all-rounder,indian,right-arm fast-medium,15.0,77.06,146.37,27.7,0.51,9.36,162.0,30.0
Sunil Narine,Bowler,bowler,overseas,right-arm medium,12.0,48.87,165.3,17.5,1.04,6.79,201.0,24.0
Sanju Samson,Batter,top order,indian,right-arm medium,18.0,97.31,141.13,31.59,0.0,0.0,190.0,24.0
Yashasvi Jaiswal,All-Rounder,all-rounder,indian,right-arm medium,18.0,71.65,153.84,33.72,0.0,6.0,80.0,24.0
Harry Brook,Batter,top order,overseas,right-arm medium,6.25,82.47,123.38,21.11,0.0,0.0,11.0,24.0
Devon Conway,Batter,top order,overseas,none,1.0,100.0,139.72,43.2,0.0,0.0,29.0,32.0
Aiden Markram,Batter,top order,overseas,right-arm medium,2.0,93.18,135.41,29.84,0.09,9.61,69.0,24.0
Glenn Maxwell,All-Rounder,all-rounder,overseas,right-arm offbreak,11.0,75.02,155.12,23.9,0.29,8.3,141.0,35.0
Marcus Stoinis,All-Rounder,all-rounder,overseas,right-arm medium,11.0,75.02,147.5,28.74,0.37,9.93,123.0,24.0
Phil Salt,Batter,top order,overseas,right-arm medium,11.5,100.0,174.48,34.0,0.0,0.0,40.0,24.0
Trent Boult,Bowler,bowler,overseas,right-arm medium,12.5,49.2,109.41,9.3,1.17,8.51,124.0,24.0
Wanindu Hasaranga,Bowler,bowler,overseas,right-arm medium,5.25,40.0,0.0,0.0,0.0,0.0,0.0,24.0
Karun Nair,Batter,top order,indian,right-arm medium,0.5,88.15,131.29,23.45,0.0,0.0,86.0,24.0
Nishant Sindhu,All-Rounder,all-rounder,indian,left-arm orthodox,0.6,56.21,131.03,12.67,0.0,0.0,5.0,19.0
Aryan Juyal,Batter,top order,indian,right-arm medium,0.3,10.0,0.0,0.0,0.0,0.0,0.0,24.0
Robin Minz,Batter,top order,indian,right-arm medium,0.65,39.5,63.16,4.0,0.0,0.0,4.0,24.0
Luvnith Sisodia,Batter,top order,indian,right-arm medium,0.3,10.0,0.0,0.0,0.0,0.0,0.0,24.0
Shreyas Gopal,All-Rounder,all-rounder,indian,right-arm legbreak,0.2,66.46,106.51,12.86,1.0,8.17,52.0,30.0
Manav Suthar,Bowler,bowler,indian,right-arm medium,0.3,22.21,50.0,1.0,0.4,11.75,5.0,24.0
Glenn Phillips,Batter,top order,overseas,right-arm medium,2.0,77.46,121.1,12.0,0.14,8.0,14.0,24.0
Krunal Pandya,All-Rounder,all-rounder,indian,right-arm medium,5.75,73.66,133.56,22.8,0.67,7.62,156.0,24.0
Donovan Ferreira,Batter,top order,overseas,right-arm medium,0.75,100.0,161.4,25.09,0.06,13.67,16.0,24.0
Deepak Chahar,All-Rounder,bowler,indian,right-arm medium,14.0,78.0,137.86,14.2,0.93,8.3,103.0,32.0
AM Ghazanfar,Bowler,bowler,overseas,right-arm medium,4.8,52.78,66.67,2.0,1.36,10.02,11.0,24.0
Swastik Chikara,Batter,top order,indian,right-arm medium,0.3,10.0,0.0,0.0,0.0,0.0,0.0,24.0
Darshan Nalkande,All-Rounder,all-rounder,indian,right-arm medium,0.3,61.8,100.0,6.0,1.0,10.57,6.0,24.0
Vansh Bedi,Batter,top order,indian,right-arm medium,0.55,10.0,0.0,0.0,0.0,0.0,0.0,24.0
Gurnoor Brar,Bowler,bowler,indian,right-arm medium,1.3,10.0,0.0,0.0,0.0,14.0,1.0,24.0
Mukesh Choudhary,Bowler,bowler,indian,left-arm medium-fast,0.2,43.73,100.0,8.0,1.04,9.58,24.0,28.0
Manish Pandey,Batter,top order,indian,right-arm medium,0.75,84.92,121.96,29.35,0.0,0.0,180.0,24.0
Will Jacks,All-Rounder,all-rounder,overseas,right-arm offbreak,3.2,78.94,158.84,27.36,0.36,9.86,28.0,25.0
Sachin Baby,Batter,top order,indian,right-arm medium,0.3,79.62,122.03,16.0,0.1,4.8,20.0,24.0
Rajvardhan Hangargekar,All-Rounder,all-rounder,indian,right-arm fast-medium,1.5,30.0,0.0,0.0,1.5,10.0,2.0,21.0
Arshin Kulkarni,All-Rounder,all-rounder,indian,right-arm medium,0.3,33.47,78.79,6.5,0.0,0.0,4.0,24.0
Matthew Breetzke,Batter,top order,overseas,right-arm medium,0.75,75.6,116.67,14.0,0.0,0.0,1.0,24.0
Kwena Maphaka,Bowler,bowler,overseas,left-arm fast,0.5,24.23,400.0,8.0,0.5,13.0,4.0,18.0
Reece Topley,Bowler,bowler,overseas,left-arm fast-medium,1.9,35.71,50.0,3.0,0.83,11.1,6.0,30.0
Lizaad Williams,Bowler,bowler,overseas,right-arm medium,0.75,25.0,50.0,1.0,0.5,12.0,2.0,24.0
Manoj Bhandage,All-Rounder,all-rounder,indian,left-arm fast-medium,0.2,10.3,25.0,1.0,0.0,0.0,1.0,25.0
Ajay Mandal,All-Rounder,all-rounder,indian,left-arm orthodox,0.2,10.0,0.0,0.0,0.0,0.0,0.0,27.0
Krishnan Shrijith,Batter,top order,indian,right-arm medium,0.3,10.0,0.0,0.0,0.0,0.0,0.0,24.0
Mohit Rathee,Bowler,bowler,indian,right-arm medium,0.3,10.0,50.0,1.0,0.0,14.5,1.0,24.0
Jacob Bethell,All-Rounder,all-rounder,overseas,right-arm medium,2.6,61.64,140.52,18.11,0.0,0.0,9.0,24.0
Brydon Carse,All-Rounder,all-rounder,overseas,right-arm medium,1.0,10.0,0.0,0.0,0.0,0.0,0.0,24.0
Aaron Hardie,All-Rounder,all-rounder,overseas,right-arm medium,1.25,10.0,0.0,0.0,0.0,0.0,0.0,24.0
Kamindu Mendis,All-Rounder,all-rounder,overseas,right-arm medium,0.75,10.0,0.0,0.0,0.0,0.0,0.0,24.0
Shamar Joseph,Bowler,bowler,overseas,right-arm medium,0.75,10.21,0.0,0.0,0.0,11.75,1.0,24.0
Raj Bawa,All-Rounder,all-rounder,indian,right-arm medium,0.3,52.25,109.38,11.67,0.25,12.5,8.0,24.0
Suryansh Shedge,All-Rounder,all-rounder,indian,right-arm medium,0.3,72.42,163.37,23.57,0.0,13.33,12.0,24.0
Kulwant Khejroliya,Bowler,bowler,indian,right-arm medium,0.3,33.8,0.0,0.0,0.75,10.62,8.0,24.0
Jamie Overton,All-Rounder,all-rounder,overseas,right-arm medium,1.5,95.61,162.37,30.2,1.08,9.76,13.0,24.0
Lungi Ngidi,Bowler,bowler,overseas,right-arm medium,1.0,59.27,44.44,2.0,1.5,8.41,28.0,24.0
Yuvraj Chaudhary,All-Rounder,all-rounder,indian,right-arm medium,0.5,10.0,0.0,0.0,0.0,0.0,0.0,24.0
Kamlesh Nagarkoti,All-Rounder,all-rounder,indian,right-arm medium,0.3,36.72,66.67,5.5,0.42,9.5,12.0,24.0
Karim Janat,All-Rounder,all-rounder,overseas,right-arm medium,0.75,10.0,0.0,0.0,0.0,30.0,1.0,24.0
Pyla Avinash,Batter,top order,indian,right-arm medium,0.3,10.0,0.0,0.0,0.0,0.0,0.0,24.0
Ramakrishna Ghosh,All-Rounder,all-rounder,indian,right-arm medium,0.3,20.0,0.0,0.0,1.0,8.0,1.0,24.0
Satyanarayana Raju,Bowler,bowler,indian,right-arm medium,0.3,40.0,0.0,0.0,0.0,0.0,0.0,24.0
Bevon Jacobs,Batter,top order,overseas,right-arm medium,0.3,10.0,0.0,0.0,0.0,0.0,0.0,24.0
Tripurana Vijay,All-Rounder,all-rounder,indian,right-arm medium,0.3,10.0,0.0,0.0,0.0,14.5,1.0,24.0
Madhav Tiwari,All-Rounder,all-rounder,indian,right-arm medium,0.4,92.3,175.0,21.0,0.8,9.18,5.0,24.0
Jofra Archer,Bowler,bowler,overseas,right-arm medium,12.5,51.17,145.83,13.7,1.21,8.07,66.0,24.0
Vaibhav Sooryavanshi,Batter,top order,indian,right-arm medium,0.5,10.0,0.0,0.0,0.0,0.0,0.0,24.0
Dasun Shanaka,Batter,top order,overseas,right-arm medium,0.5,10.0,0.0,0.0,0.0,0.0,0.0,24.0
Kusal Mendis,Batter,top order,overseas,right-arm medium,0.5,10.0,0.0,0.0,0.0,0.0,0.0,24.0
Mujeeb Ur Rahman,Bowler,bowler,overseas,right-arm medium,0.5,44.39,80.0,4.0,1.0,8.34,20.0,24.0
Digvesh,All-Rounder,all-rounder,indian,right-arm medium,0.5,10.0,0.0,0.0,0.0,0.0,0.0,24.0
Smaran Ravichandran,Batter,top order,indian,right-arm medium,0.5,10.0,0.0,0.0,0.0,0.0,0.0,24.0
Wiaan Mulder,Bowler,bowler,overseas,right-arm medium,0.5,40.0,0.0,0.0,0.0,0.0,0.0,24.0
Pathum Nissanka,Batter,top order,overseas,right-arm medium,0.5,100.0,158.86,27.8,0.0,0.0,10.0,24.0
Ben Duckett,Batter,top order,overseas,right-arm medium,0.5,10.0,0.0,0.0,0.0,0.0,0.0,24.0
Auqib Nabi Dar,Bowler,bowler,indian,right-arm medium,0.5,40.0,0.0,0.0,0.0,0.0,0.0,24.0
Sahil Parakh,All-Rounder,all-rounder,indian,right-arm medium,0.5,59.21,139.39,11.5,0.0,0.0,4.0,24.0
George Linde,Batter,top order,overseas,right-arm medium,0.5,92.7,147.62,10.33,0.33,8.92,3.0,24.0
Akshat Raghuwanshi,Batter,top order,indian,right-arm medium,0.5,75.4,116.0,14.5,0.0,0.0,3.0,24.0
Naman Tiwari,Bowler,bowler,indian,right-arm medium,0.5,40.0,0.0,0.0,0.0,0.0,0.0,24.0
Vicky Ostwal,Bowler,bowler,indian,right-arm medium,0.5,40.0,0.0,0.0,0.0,0.0,0.0,24.0
Vihaan Malhotra,Batter,top order,indian,right-arm medium,0.5,10.0,0.0,0.0,0.0,0.0,0.0,24.0
Satvik Deswal,Bowler,bowler,indian,right-arm medium,0.5,40.0,0.0,0.0,0.0,0.0,0.0,24.0
Jacob Duffy,Bowler,bowler,overseas,right-arm medium,0.5,55.33,0.0,0.0,1.5,11.62,4.0,24.0
Kanishk Chouhan,Batter,top order,indian,right-arm medium,0.5,10.0,0.0,0.0,0.0,0.0,0.0,24.0
Dilshan Madushanka,Bowler,bowler,overseas,right-arm medium,0.5,43.33,0.0,0.0,1.0,9.0,1.0,24.0
Praful Hinge,Bowler,bowler,indian,right-arm medium,0.5,65.42,33.33,3.0,1.83,11.41,6.0,24.0
Sakib Hussain,Bowler,bowler,indian,right-arm medium,0.5,58.22,0.0,0.0,1.5,9.08,10.0,24.0
Jack Edwards,Batter,top order,indian,right-arm medium,0.5,10.0,0.0,0.0,0.0,0.0,0.0,24.0
Krains Fuletra,Bowler,bowler,indian,right-arm medium,0.5,40.0,0.0,0.0,0.0,0.0,0.0,24.0
David Payne,Bowler,bowler,overseas,right-arm medium,0.5,38.57,120.0,6.0,1.0,14.0,2.0,24.0
Onkar Tarmale,Bowler,bowler,indian,right-arm medium,0.5,40.0,0.0,0.0,0.0,0.0,0.0,24.0
Shivam Mavi,Bowler,bowler,indian,right-arm medium,0.5,41.98,91.07,5.67,0.94,8.71,32.0,24.0
Salil Arora,Batter,top order,indian,right-arm medium,0.5,100.0,157.14,20.17,0.0,0.0,13.0,24.0
Finn Allen,Batter,top order,overseas,right-arm medium,0.5,47.01,73.68,7.0,0.4,9.07,5.0,24.0
Blessing Muzarabani,Bowler,bowler,overseas,right-arm medium,0.5,71.2,0.0,0.0,2.0,10.71,2.0,24.0
Tejasvi Dahiya,Batter,top order,indian,right-arm medium,0.5,50.4,80.0,6.0,0.0,0.0,2.0,24.0
Sarthak Ranjan,Batter,top order,indian,right-arm medium,0.5,10.0,0.0,0.0,0.0,0.0,0.0,24.0
Daksh Kamra,Batter,top order,indian,right-arm medium,0.5,10.0,0.0,0.0,0.0,0.0,0.0,24.0
Prashant Solanki,Bowler,bowler,indian,right-arm legbreak,1.2,48.96,0.0,0.0,1.0,6.33,2.0,24.0
Navdeep Saini,Bowler,bowler,indian,right-arm medium,0.5,40.34,100.0,2.0,1.0,11.6,6.0,24.0
Tim Seifert,Batter,top order,overseas,right-arm medium,0.5,68.86,109.76,7.5,0.0,0.0,6.0,24.0
Danish Malewar,Bowler,bowler,indian,right-arm medium,0.5,40.0,40.0,1.0,0.0,0.0,2.0,24.0
Atharva Ankolekar,Bowler,bowler,indian,right-arm medium,0.5,40.0,0.0,0.0,0.0,0.0,0.0,24.0
Mayank Rawat,Batter,top order,indian,right-arm medium,0.5,10.0,0.0,0.0,0.0,0.0,1.0,24.0
Prithvi Raj Yarra,Bowler,bowler,indian,right-arm medium,0.5,40.0,0.0,0.0,0.0,0.0,0.0,24.0
Tom Banton,Batter,top order,overseas,right-arm medium,0.5,57.6,90.0,9.0,0.0,0.0,2.0,24.0
Luke Wood,Bowler,bowler,overseas,left-arm fast-medium,0.5,22.74,300.0,9.0,0.5,15.5,2.0,29.0
Cooper Connolly,Batter,top order,overseas,right-arm medium,0.5,100.0,163.12,44.64,0.0,0.0,14.0,24.0
Ben Dwarshuis,Bowler,bowler,overseas,right-arm medium,0.5,39.41,0.0,0.0,1.0,12.75,1.0,24.0
Vishal Nishad,Bowler,bowler,indian,right-arm medium,0.5,40.0,0.0,0.0,0.0,0.0,0.0,24.0
Zakary Foulkes,Bowler,bowler,overseas,right-arm medium,0.5,40.0,0.0,0.0,0.0,0.0,0.0,24.0
Akeal Hosein,Bowler,bowler,overseas,right-arm medium,0.5,48.06,161.54,21.0,1.12,8.3,8.0,24.0
Prashant Veer,Bowler,bowler,indian,right-arm medium,0.5,10.0,134.33,45.0,0.0,12.5,6.0,24.0
Matt Henry,Bowler,bowler,overseas,right-arm medium,0.5,23.62,70.0,3.5,0.44,11.52,9.0,24.0
Yash Raj Punja,All-Rounder,all-rounder,indian,right-arm medium,0.5,26.6,0.0,0.0,1.33,8.79,6.0,24.0
Aman Rao Perala,Batter,top order,indian,right-arm medium,0.5,10.0,0.0,0.0,0.0,0.0,0.0,24.0
Lhuan-dre Pretorius,Batter,top order,overseas,right-arm medium,0.5,53.9,87.5,3.5,0.0,0.0,2.0,24.0
Adam Milne,Bowler,bowler,overseas,right-arm medium,0.5,31.53,80.65,6.25,0.64,9.73,11.0,24.0
